,text,user,location
0, #CoronaVirusUpdates:üìçIndia is witnessing a steady improvement in #COVID19 Recovery Rate. ‚ñ∂Ô∏èRecovery rate exceeds 49‚Ä¶,PIBBengaluru,Bengaluru
1, As citizens of Mumbai grapple with a health crisis of #CoronaPandemic. We have organized medical camp at Balwadi Karyalay‚Ä¶,wasimkhan0730,"Mumbai, India"
2," We will continue our medical camps as a duty ! Organised yet another Medical Camp for general check up, screening &amp; free‚Ä¶",wasimkhan0730,"Mumbai, India"
3, Young scientists  have developed #COVID19 testing kits costing only Rs600 each and providing #AI supported res‚Ä¶,AjayKushwaha_,"Ghazipur UP, New Delhi, India"
4, Watch the video released by  on  Hydroxychloroquine (HCQ) which is a prescription medicine &amp; is not to be us‚Ä¶,Meena94916780,Shillong
5," When you resume business during the post-#COVID19 period, cogitate on 4 parameters viz. judicious cost cutting, resizing wor‚Ä¶",pawanstpi,"Noida, Uttar Pradesh"
6, Watch the video on #COVID19 Appropriate Behaviours released by  on this link:#Swa‚Ä¶,Meena94916780,Shillong
7, It is extremely important to have good immunity in order to prevent different viruses. Drinking turmeric milk daily can imp‚Ä¶,Subhash36390781,"Nashik, India"
8, Delhi Jama Masjid Shahi Imam Janab Syed Ahmed Bukhari‚Äôs decision is a good circumspect decision committed to health and w‚Ä¶,yaserjilani,"New Delhi, India"
9," During post-#COVID19 period, startups should take various precautionary measures related to workplaces, scheduling of shifts‚Ä¶",pawanstpi,"Noida, Uttar Pradesh"
10,"Please help them with rations.. from Assam.No.181,Ejipura Main Road, 5th Cross Viveknagar  Post Bangalore - 560047‚Ä¶ ",lindanewmai,Delhi & North East
11, #IndiaFightsCoronaTrivandrum to Dimapur - Nagaland creates history by  arranging special train on longest known train route‚Ä¶,DINESH_ABUSARIA,"Kohima, Nagaland "
12, #IndiaFightsCorona #Karnataka Breakup of 204#Maharashtra+Contacts: 148+10 = 158(77.5%)#TN: 3#AP: 1#UP: 1#Rajasthan: 3Tot‚Ä¶,KiranKBhat,"Bengaluru South, India"
13, #EdTech startups can leverage the opportunities triggered by #COVID19 pandemic and build solutions both for short-term &amp; lon‚Ä¶,pawanstpi,"Noida, Uttar Pradesh"
14, Delhi Jama Masjid Shahi Imam Janab Syed Ahmed Bukhari‚Äôs decision is a good circumspect decision committed to health and w‚Ä¶,RajeshR84203627,‡§≠‡§æ‡§∞‡§§‡§µ‡§∞‡•ç‡§∑
15, Delhi Jama Masjid Shahi Imam Janab Syed Ahmed Bukhari‚Äôs decision is a good circumspect decision committed to health and w‚Ä¶,svetechno,"Chandapura Circle,Bangalore"
16, Let's all stay home and stay safeüôè#IndiaFightsCorona   ‚Ä¶,Tammysuriya007,In Tammy and suriya Heart üíó 
17, It is extremely important to have good immunity in order to prevent different viruses. Drinking turmeric milk daily can imp‚Ä¶,ghanshy12709532,
18," For the first time, India's recovery rate overtakes the active cases in the country. #IndiaFightsCorona ‚Ä¶",pcmcindiagovin,
19, Let's all stay home and stay safeüôè#IndiaFightsCorona   ‚Ä¶,BinojSfc3,
20, #IndiafightsCorona #CoronaWarriors #Youthveerangnayen are creating milestones on the path of  humanity in #pandamic #Cov‚Ä¶,Gursewa99327274,
21, #IndiaFightsCorona:Hydroxychloroquine (HCQ) is a prescription medicine &amp; is not to be used without medical advice. To k‚Ä¶,govindakumar381,"3/107, Geeta Colony, New Delhi"
22," Fake news leads to distress. So, check the authenticity of any news before forwarding. #StopFakeNews#IndiaFightsCorona ht‚Ä¶",Sureshnair_BPCL,"Navi Mumbai, India"
23," Watch this video to know how our dispatch unit at Numaligarh Refinery Limited, which is our JV Refinery in Assam, follows a‚Ä¶",Sureshnair_BPCL,"Navi Mumbai, India"
24, Maintain #SocialDistancing in order to keep yourself and others safe &amp; to arrest spread of #coronavirus .#IndiaFightsCoron‚Ä¶,Sureshnair_BPCL,"Navi Mumbai, India"
25," DG #CISF &amp; all ranks of CISF voluntarily contributed one day salary amounting to Rs. 16,23,82,357/-  to PM Cares Fund. We sta‚Ä¶",realchirayu11,"Hyderabad, India"
26, Delhi Jama Masjid Shahi Imam Janab Syed Ahmed Bukhari‚Äôs decision is a good circumspect decision committed to health and w‚Ä¶,bharativamsi,India
27, It is extremely important to have good immunity in order to prevent different viruses. Drinking turmeric milk daily can imp‚Ä¶,NayanmaniSarm13,
28, #COVIDKATHAwithMyGov: We all must be up to the mark when it comes to U for Understanding Stress. Being aware of the fact that‚Ä¶,sweetyjyani,"‡§∞‡§æ‡§ú‡§∏‡•ç‡§•‡§æ‡§®, ‡§≠‡§æ‡§∞‡§§"
29, Indian Nationals repatriated from Bandar Abbas #Iran disembarking from #INSShardul at Porbander harbour #Gujarat as part of‚Ä¶,Kshitizbhutani,New Delhi
30, Covid - 19 case summary in NMMC area as on 11th June 2020.#IndiaFightsCorona ,richard44348,INDIA
31, #IndiaFightsCorona:Hydroxychloroquine (HCQ) is a prescription medicine &amp; is not to be used without medical advice. To k‚Ä¶,amitkrsh1,
32, #IndiaFightsCoronaDon‚Äôt hesitate to disclose your symptoms. Call 1075 (toll free) to report immediately. #BadalkarAp‚Ä¶,ddnewshisar1,"Hisar, Haryana"
33, Please stay home and stay safe. Hope everything will be fine soon. Please follow every guidelines issue‚Ä¶ ,mitikerang,"Pune, India"
34," Instructions for filing online claims for the purpose - ""Outbreak of Pandemic (COVID-19)""#IndiaFightsCorona #EPFO  #Socia‚Ä¶",sachingowda094,"Bengaluru, India"
35," Today, I chaired the 16th high-level #GoM meeting at   to review, monitor &amp; evaluate the evolving situatio‚Ä¶",ANSARKH79073903,
36, Not all Superheroes are Fictional! Real Life Heroes wash their Hands and wear a Mask to ensure the safety of everyone ar‚Ä¶,Python20200383,
37," When you resume business during the post-#COVID19 period, cogitate on 4 parameters viz. judicious cost cutting, resizing wor‚Ä¶",pankaj66rawat,"Dehradun, India"
38, #coronavirus #IndiaFightsCorona #coronavirus#COVID19  prediction for july and December Mont‚Ä¶,dhiman_dimpal,Himachal pardesh
39, Delhi Jama Masjid Shahi Imam Janab Syed Ahmed Bukhari‚Äôs decision is a good circumspect decision committed to health and w‚Ä¶,1RajanKhosla,New Delhi
40," Today, I chaired the 16th high-level #GoM meeting at   to review, monitor &amp; evaluate the evolving situatio‚Ä¶",AkkianKohli,"Ludhiana, India"
41, Don‚Äôt hesitate to disclose your symptoms. Call 1075 (toll-free) to report immediately.#IndiaFightsCorona#TogetherAgains‚Ä¶,Myself_Om,
42, Watch the video released by  on  Hydroxychloroquine (HCQ) which is a prescription medicine &amp; is not to be us‚Ä¶,prafull_sharma1,Raipur 
43, Indian Nationals repatriated from Bandar Abbas #Iran disembarking from #INSShardul at Porbander harbour #Gujarat as part of‚Ä¶,RajeshK89986421,
44," During post-#COVID19 period, startups should take various precautionary measures related to workplaces, scheduling of shifts‚Ä¶",pankaj66rawat,"Dehradun, India"
45, Watch the video on #COVID19 Appropriate Behaviours released by  on this link:#Swa‚Ä¶,prafull_sharma1,Raipur 
46, #IndiaFightsCorona:Hydroxychloroquine (HCQ) is a prescription medicine &amp; is not to be used without medical advice. To k‚Ä¶,RajeshK89986421,
47," Under guidance of Union Minister  ji, distribution of PPE kits to #CoronaWarriors  ‚Ä¶",DwarakanathKon2,"Anantapur, India"
48, Be a responsible citizen!Observe the following Do's and Don'ts Via- #StayhomeStaysafe #SocialSecurity #Indiafi‚Ä¶,sachingowda094,"Bengaluru, India"
49, Delhi Jama Masjid Shahi Imam Janab Syed Ahmed Bukhari‚Äôs decision is a good circumspect decision committed to health and w‚Ä¶,ChaudhuryAlok,"Kolkata & Agartala, India"
50, It is extremely important to have good immunity in order to prevent different viruses. Drinking turmeric milk daily can imp‚Ä¶,CharanS06750791,
51, #EdTech startups can leverage the opportunities triggered by #COVID19 pandemic and build solutions both for short-term &amp; lon‚Ä¶,pankaj66rawat,"Dehradun, India"
52," Lockdown is externally regulated. Lock-In is internally regulated. If Indians follow  Lock-In, we can control COVID-19‚Ä¶",drrmittal,delhi
53, Hope government will look into this matter. Hope everything will be fine soon.#TogetherWeCan‚Ä¶ ,mitikerang,"Pune, India"
54, Not all Superheroes are Fictional! Real Life Heroes wash their Hands and wear a Mask to ensure the safety of everyone ar‚Ä¶,Damini_dazz,
55, Watch the video on #COVID19 Appropriate Behaviours released by  on this link:#Swa‚Ä¶,SaikiranKhandre,
56, ‚ÄúI‚Äôm pregnant &amp; I really wanted to go home and be with my family..thanks to the Embassy for this‚Äù - happy scenes at Am‚Ä¶,Leopard212,Everywhere
57, Delhi Jama Masjid Shahi Imam Janab Syed Ahmed Bukhari‚Äôs decision is a good circumspect decision committed to health and w‚Ä¶,sikandarbjp,"Cuttack Odisha, India"
58, #IndiaFightsCorona: Symptomatic person or a suspect case should get in touch with States' helpline numbers &amp; try to a‚Ä¶,AirKadapa,
59, #IndiaFightsCorona: Researchers at the Centre for Cellular and Molecular Biology (CCMB) have developed a new low-cost‚Ä¶,AirKadapa,
60, Not all Superheroes are Fictional! Real Life Heroes wash their Hands and wear a Mask to ensure the safety of everyone ar‚Ä¶,Dipalidekaa,"IIT Gauhati, Guwahati"
61, INS Shardul arriving at Porbandar with 233 Indians from Iran under Operation #SamudraSetu. Most of them are fishermen be‚Ä¶,Maheshrmurali11,"Rustaq, Oman"
62, Detailed guidelines for restaurants under Standard Operating Procedure issued by the Government. #IndiaFightsCorona https:/‚Ä¶,vishyshandilya,Jodhpur
63," Proud to share, we've been helping our country fight #Covid19. We are committing Rs. 15 Cr. üîü Cr. to PM &amp; other state‚Ä¶",Man1shRox,Kanpur | Lucknow| ‡§π‡•à‡§¶‡§∞‡§æ‡§¨‡§æ‡§¶ 
64, Take a look at the arrangements to be ensured by Hotels and Hospitality Units to fight COVID-19. #IndiaFightsCorona https:/‚Ä¶,vishyshandilya,Jodhpur
65, Standard Operating Procedure to be followed in Hotels and Hospitality Units to contain the spread of COVID-19. #IndiaFights‚Ä¶,vishyshandilya,Jodhpur
66, Not all Superheroes are Fictional! Real Life Heroes wash their Hands and wear a Mask to ensure the safety of everyone ar‚Ä¶,MuskanUmmye,
67," For the first time, India's recovery rate overtakes the active cases in the country. #IndiaFightsCorona ‚Ä¶",AnkitBasu15,"Kolkata, India"
68,Get used to the new normal. Maintain social distancing at all times.#IndiaFightsCorona ,MOIL_LIMITED,"Nagpur, India"
69,"#Assam: More than 514 Shramik special trains have reached areas under , including Bihar, West Bengal and par‚Ä¶ ",EastMojo,"Guwahati, India"
70, Not all Superheroes are Fictional! Real Life Heroes wash their Hands and wear a Mask to ensure the safety of everyone ar‚Ä¶,Alo81691294,
71, Saaho ke action ko nahi jhel paoge even for a fraction! Ghar baithe baithe dekhiye India ki sabse badi action blockbuste‚Ä¶,moulipriya1409,"Vijayawada, India"
72," Under guidance of Union Minister  ji, distribution of PPE kits to #CoronaWarriors  ‚Ä¶",mukeshrajBJP,
73,"Part -2 Continued thoughts from a Delhi resident, on #COVID19, #lockdown and #Unlock1 #DelhiFightsCorona‚Ä¶ ",championswimmer,New Delhi
74, It is extremely important to have good immunity in order to prevent different viruses. Drinking turmeric milk daily can imp‚Ä¶,anil_yogy,
75, Battle with #COVID19 is still on! Let‚Äôs fight #corona together!Stay protected with  mobile application!We ad‚Ä¶,Anamika20jun,"Pune, India"
76, Not all Superheroes are Fictional! Real Life Heroes wash their Hands and wear a Mask to ensure the safety of everyone ar‚Ä¶,NoorIsl77250890,
77, Delhi Jama Masjid Shahi Imam Janab Syed Ahmed Bukhari‚Äôs decision is a good circumspect decision committed to health and w‚Ä¶,mohitsmartlove,"Goa, India"
78, #IndiaFightsCorona: #IndianRailways geared up to provide COVID Care Centers to State Authorities. Trains with unit co‚Ä¶,AirKadapa,
79," Join us for a live session with eminent doctors of India, who will give answers to all your questions about COVID-19. #Indi‚Ä¶",Subhank25219819,"Mumbai, India"
80, #IndiaFightsCorona #Karnataka Breakup of 204 - Individual Slide (Page 9 of 11 was missed in my share of report earlier)#Maha‚Ä¶,InnovativeHindu,Bharat 
81, #IndiaFightsCorona #Karnataka Breakup of 204 - Individual Slide (Page 9 of 11 was missed in my share of report earlier)#Maha‚Ä¶,InnovativeHindu,Bharat 
82, #IndiaFightsCorona #Karnataka Breakup of 204#Maharashtra+Contacts: 148+10 = 158(77.5%)#TN: 3#AP: 1#UP: 1#Rajasthan: 3Tot‚Ä¶,InnovativeHindu,Bharat 
83," üì¢ #CoronaVirusUpdates:üìç India records 0.59 deaths per lakh population, which is amongst the lowest in the world, when‚Ä¶",AirKadapa,
84, Battle with #COVID19 is still on! Let‚Äôs fight #corona together!Stay protected with  mobile application!We ad‚Ä¶,chetan_rajgure,
85," For the first time, India's recovery rate overtakes the active cases in the country. #IndiaFightsCorona ‚Ä¶",Yogesh_Gogawale,"Pune, India"
86, Standard Operating Procedure to be followed in Hotels and Hospitality Units to contain the spread of COVID-19. #IndiaFights‚Ä¶,Priyank88124819,
87, #IndiaFightsCorona:Hydroxychloroquine (HCQ) is a prescription medicine &amp; is not to be used without medical advice. To k‚Ä¶,HCIGaborone,Botswana
88,"Get to know what Corona really means, true facts about it, than just being scared.A very insightful video by‚Ä¶ ",CoronaChampions,‡§≠‡§æ‡§∞‡§§
89," Inspite of #Unlock1, I don‚Äôt think it‚Äôs a good idea for #Mumbai and #Delhi to venture out unless absolutely necessary, un‚Ä¶",mariner2310,The Oceans!
90, #IndiaFightsCorona:Learn more about home isolation for the management of suspected/confirmed #COVID19 cases. Watch to u‚Ä¶,rsbiky,"‡§ï‡•ã‡§≤‡§ï‡§æ‡§§‡§æ, ‡§≠‡§æ‡§∞‡§§"
91," We will continue our medical camps as a duty ! Organised yet another Medical Camp for general check up, screening &amp; free‚Ä¶",KingKaranOffic1,"Mumbai, India"
92, Standard Operating Procedure to be followed in Hotels and Hospitality Units to contain the spread of COVID-19. #IndiaFights‚Ä¶,SandeepKumawat_,"Rajasthan, India"
93, #INSShardul arrives at Porbandar harbour #Gujarat with 233 Indian nationals repatriated from Bandar Abbas #Iran as part of O‚Ä¶,jshilanjanm,"Faridabad, India"
94, Delhi Jama Masjid Shahi Imam Janab Syed Ahmed Bukhari‚Äôs decision is a good circumspect decision committed to health and w‚Ä¶,gauravsiingh,"New Delhi, India"
95, Delhi Jama Masjid Shahi Imam Janab Syed Ahmed Bukhari‚Äôs decision is a good circumspect decision committed to health and w‚Ä¶,KumarVi41658497,"Jamshedpur, India"
96, #IndiaFightsCorona: #IndianRailways geared up to provide COVID Care Centers to State Authorities. Trains with unit co‚Ä¶,NAAGPURKAR,"Mumbai, India"
97, Standard Operating Procedure to contain the spread of COVID-19 in Shopping Malls. #IndiaFightsCorona ,shyamalaskundar,Jasola New Delhi
98," #COVIDKATHAwithMyGov: Y for Yoga is essential for everyone to manage stress and stay fit. During this pandemic, it is advis‚Ä¶",BandaFob,
99, #IndiaFightsCoronaPower to protect yourself and others from #COVID19 is in your hands. Follow basic preventive measures‚Ä¶,BandaFob,
